module,subtopic,difficulty_level,assigned_time(hours),video_link,duration,duration_minutes,actual_time
Fundamentals of Programming,Data Types and Variables,3,56,https://www.youtube.com/watch?v=vv-PbwN5q7c&pp=ygU6RnVuZGFtZW50YWxzIG9mIFByb2dyYW1taW5nIERhdGEgVHlwZXMgYW5kIFZhcmlhYmxlcywgbG9uZw%3D%3D,1:05:11,65.18333333333334,102.77267810826216
Fundamentals of Programming,Control Flow,4,56,https://www.youtube.com/watch?v=irqbmMNs2Bo&pp=ygUuRnVuZGFtZW50YWxzIG9mIFByb2dyYW1taW5nIENvbnRyb2wgRmxvdywgbG9uZw%3D%3D,10:32:07,632.1166666666667,932.3616772754634
Fundamentals of Programming,Functions and Modules,5,56,https://www.youtube.com/watch?v=irqbmMNs2Bo&pp=ygU3RnVuZGFtZW50YWxzIG9mIFByb2dyYW1taW5nIEZ1bmN0aW9ucyBhbmQgTW9kdWxlcywgbG9uZw%3D%3D,10:32:07,632.1166666666667,1093.9586192938714
Fundamentals of Programming,Object-Oriented Programming (OOP) Concepts,6,56,https://www.youtube.com/watch?v=9roJTTghZJI&t=130s&pp=ygVMRnVuZGFtZW50YWxzIG9mIFByb2dyYW1taW5nIE9iamVjdC1PcmllbnRlZCBQcm9ncmFtbWluZyAoT09QKSBDb25jZXB0cywgbG9uZw%3D%3D,1:23:31,83.51666666666667,162.53353897867103
Data Structures and Algorithms,Arrays and Lists,3,84,https://www.youtube.com/watch?v=8hly31xKli0&pp=ygU1RGF0YSBTdHJ1Y3R1cmVzIGFuZCBBbGdvcml0aG1zIEFycmF5cyBhbmQgTGlzdHMsIGxvbmc%3D,5:22:09,322.15,460.13618260041386
Data Structures and Algorithms,Linked Lists,5,84,https://www.youtube.com/watch?v=XJyfHJqQOIE&pp=ygUxRGF0YSBTdHJ1Y3R1cmVzIGFuZCBBbGdvcml0aG1zIExpbmtlZCBMaXN0cywgbG9uZw%3D%3D,0:55:42,55.7,94.37661061374754
Data Structures and Algorithms,Stacks and Queues,4,84,https://www.youtube.com/watch?v=4_xdaIsY2nk&pp=ygU2RGF0YSBTdHJ1Y3R1cmVzIGFuZCBBbGdvcml0aG1zIFN0YWNrcyBhbmQgUXVldWVzLCBsb25n,1:52:33,112.55,197.6214021283769
Data Structures and Algorithms,Trees and Graphs,4,84,https://www.youtube.com/watch?v=iVJ_avaKDXk&pp=ygU1RGF0YSBTdHJ1Y3R1cmVzIGFuZCBBbGdvcml0aG1zIFRyZWVzIGFuZCBHcmFwaHMsIGxvbmc%3D,0:53:35,53.583333333333336,91.4494266364786
Data Structures and Algorithms,Searching and Sorting Algorithms,5,84,https://www.youtube.com/watch?v=8TVaEGeaGGc&pp=ygVFRGF0YSBTdHJ1Y3R1cmVzIGFuZCBBbGdvcml0aG1zIFNlYXJjaGluZyBhbmQgU29ydGluZyBBbGdvcml0aG1zLCBsb25n,0:55:35,55.583333333333336,97.90342185137013
Backend Development Fundamentals,Introduction to Backend Development,6,70,https://www.youtube.com/watch?v=ZxKM3DCV2kE&pp=ygVKQmFja2VuZCBEZXZlbG9wbWVudCBGdW5kYW1lbnRhbHMgSW50cm9kdWN0aW9uIHRvIEJhY2tlbmQgRGV2ZWxvcG1lbnQsIGxvbmc%3D,21:48:35,1308.5833333333333,2399.900996052611
Backend Development Fundamentals,Server-Side Languages,7,70,https://www.youtube.com/watch?v=UrsmFxEIp5k&pp=ygU8QmFja2VuZCBEZXZlbG9wbWVudCBGdW5kYW1lbnRhbHMgU2VydmVyLVNpZGUgTGFuZ3VhZ2VzLCBsb25n,10:53:55,653.9166666666666,1154.5512883972228
Backend Development Fundamentals,Databases,4,70,https://www.youtube.com/watch?v=7fjOw8ApZ1I&pp=ygUwQmFja2VuZCBEZXZlbG9wbWVudCBGdW5kYW1lbnRhbHMgRGF0YWJhc2VzLCBsb25n,10:06:53,606.8833333333333,938.0553589512178
Backend Development Fundamentals,APIs and RESTful Architecture,5,70,https://www.youtube.com/watch?v=QoLqMDSBZAs&pp=ygVEQmFja2VuZCBEZXZlbG9wbWVudCBGdW5kYW1lbnRhbHMgQVBJcyBhbmQgUkVTVGZ1bCBBcmNoaXRlY3R1cmUsIGxvbmc%3D,2:09:29,129.48333333333332,233.52454260570357
Web Development and Frameworks,HTML CSS and JavaScript Fundamentals,5,56,https://www.youtube.com/watch?v=G3e-cpL7ofc&pp=ygVLV2ViIERldmVsb3BtZW50IGFuZCBGcmFtZXdvcmtzIEhUTUwsIENTUywgYW5kIEphdmFTY3JpcHQgRnVuZGFtZW50YWxzLCBsb25n,6:31:24,391.4,706.0043935040368
Web Development and Frameworks,Frontend Frameworks,6,56,https://www.youtube.com/watch?v=8sXRyHI3bLw&t=2945s&pp=ygU4V2ViIERldmVsb3BtZW50IGFuZCBGcmFtZXdvcmtzIEZyb250ZW5kIEZyYW1ld29ya3MsIGxvbmc%3D,2:43:32,163.53333333333333,310.41213833440185
Web Development and Frameworks,Backend Frameworks and Libraries,3,56,https://www.youtube.com/watch?v=5nzkPIe96b0&pp=ygVFV2ViIERldmVsb3BtZW50IGFuZCBGcmFtZXdvcmtzIEJhY2tlbmQgRnJhbWV3b3JrcyBhbmQgTGlicmFyaWVzLCBsb25n,0:27:33,27.55,46.699123141911116
Version Control and Collaboration,Git and GitHub Fundamentals,4,14,https://www.youtube.com/watch?v=RGOj5yH7evk&pp=ygVDVmVyc2lvbiBDb250cm9sIGFuZCBDb2xsYWJvcmF0aW9uIEdpdCBhbmQgR2l0SHViIEZ1bmRhbWVudGFscywgbG9uZw%3D%3D,1:08:30,68.5,111.24970355591073
Version Control and Collaboration,Collaboration and Teamwork,5,14,https://www.youtube.com/watch?v=S-gBbnBDUhA&pp=ygVCVmVyc2lvbiBDb250cm9sIGFuZCBDb2xsYWJvcmF0aW9uIENvbGxhYm9yYXRpb24gYW5kIFRlYW13b3JrLCBsb25n,0:57:14,57.233333333333334,96.61379347472402
Interview Preparation,Technical Interview Skills,6,28,https://www.youtube.com/watch?v=GTBjQKFU1b0&pp=ygU2SW50ZXJ2aWV3IFByZXBhcmF0aW9uIFRlY2huaWNhbCBJbnRlcnZpZXcgU2tpbGxzLCBsb25n,0:18:23,18.383333333333333,34.401377285602294
Interview Preparation,Behavioral Interview Skills,7,28,https://www.youtube.com/watch?v=-JNjsOX0N0c&pp=ygU3SW50ZXJ2aWV3IFByZXBhcmF0aW9uIEJlaGF2aW9yYWwgSW50ZXJ2aWV3IFNraWxscywgbG9uZw%3D%3D,0:35:13,35.21666666666667,66.32127305370058
Interview Preparation,Company Research,5,28,https://www.youtube.com/watch?v=JOd5rX2m148&pp=ygUsSW50ZXJ2aWV3IFByZXBhcmF0aW9uIENvbXBhbnkgUmVzZWFyY2gsIGxvbmc%3D,0:22:21,22.35,39.40835989001613
Interview Preparation,Mock Interviews,6,28,https://www.youtube.com/watch?v=lsJBGvyiAHI&pp=ygUrSW50ZXJ2aWV3IFByZXBhcmF0aW9uIE1vY2sgSW50ZXJ2aWV3cywgbG9uZw%3D%3D,0:35:14,35.233333333333334,65.89898707072146
Fundamentals of Business Analysis,Business Analysis Basics,3,48,https://www.youtube.com/watch?v=f9DzS6NdgwU&pp=ygVARnVuZGFtZW50YWxzIG9mIEJ1c2luZXNzIEFuYWx5c2lzIEJ1c2luZXNzIEFuYWx5c2lzIEJhc2ljcywgbG9uZw%3D%3D,1:19:39,79.65,134.37367928914037
Fundamentals of Business Analysis,Requirements Gathering and Analysis,4,48,https://www.youtube.com/watch?v=OnwhPsfbMmU&pp=ygVLRnVuZGFtZW50YWxzIG9mIEJ1c2luZXNzIEFuYWx5c2lzIFJlcXVpcmVtZW50cyBHYXRoZXJpbmcgYW5kIEFuYWx5c2lzLCBsb25n,6:14:32,374.53333333333336,584.9005629886062
Fundamentals of Business Analysis,Business Process Modeling,5,48,https://www.youtube.com/watch?v=2GRu7A4adMk&pp=ygVBRnVuZGFtZW50YWxzIG9mIEJ1c2luZXNzIEFuYWx5c2lzIEJ1c2luZXNzIFByb2Nlc3MgTW9kZWxpbmcsIGxvbmc%3D,11:44:27,704.45,1155.8922791202033
Fundamentals of Business Analysis,Data Analysis and Visualization,6,48,https://www.youtube.com/watch?v=f9DzS6NdgwU&pp=ygVHRnVuZGFtZW50YWxzIG9mIEJ1c2luZXNzIEFuYWx5c2lzIERhdGEgQW5hbHlzaXMgYW5kIFZpc3VhbGl6YXRpb24sIGxvbmc%3D,1:19:39,79.65,127.17340798824684
Finance Fundamentals and Applications,Financial Accounting Basics,4,48,https://www.youtube.com/watch?v=hkybRW7Z3Yk&pp=ygVHRmluYW5jZSBGdW5kYW1lbnRhbHMgYW5kIEFwcGxpY2F0aW9ucyBGaW5hbmNpYWwgQWNjb3VudGluZyBCYXNpY3MsIGxvbmc%3D,3:58:57,238.95,393.83281428877285
Finance Fundamentals and Applications,Financial Analysis for Business Decisions,5,48,https://www.youtube.com/watch?v=EJHPltmAULA&pp=ygVVRmluYW5jZSBGdW5kYW1lbnRhbHMgYW5kIEFwcGxpY2F0aW9ucyBGaW5hbmNpYWwgQW5hbHlzaXMgZm9yIEJ1c2luZXNzIERlY2lzaW9ucywgbG9uZw%3D%3D,1:38:08,98.13333333333334,148.5226756757201
Finance Fundamentals and Applications,Financial Modeling and Valuation,6,48,https://www.youtube.com/watch?v=4oFygRGeR-U&pp=ygVMRmluYW5jZSBGdW5kYW1lbnRhbHMgYW5kIEFwcGxpY2F0aW9ucyBGaW5hbmNpYWwgTW9kZWxpbmcgYW5kIFZhbHVhdGlvbiwgbG9uZw%3D%3D,1:58:50,118.83333333333333,206.95814015034887
Finance Fundamentals and Applications,Financial Markets and Instruments,5,48,https://www.youtube.com/watch?v=HCIO9xw24E8&pp=ygVNRmluYW5jZSBGdW5kYW1lbnRhbHMgYW5kIEFwcGxpY2F0aW9ucyBGaW5hbmNpYWwgTWFya2V0cyBhbmQgSW5zdHJ1bWVudHMsIGxvbmc%3D,2:29:02,149.03333333333333,253.87705202221966
Business Analysis in Finance,Financial Industry Landscape,4,48,https://www.youtube.com/watch?v=EJHPltmAULA&pp=ygU_QnVzaW5lc3MgQW5hbHlzaXMgaW4gRmluYW5jZSBGaW5hbmNpYWwgSW5kdXN0cnkgTGFuZHNjYXBlLCBsb25n,1:38:08,98.13333333333334,151.43492935518805
Business Analysis in Finance,Business Analysis Techniques for Financial Institutions,5,48,https://www.youtube.com/watch?v=f9DzS6NdgwU&pp=ygVaQnVzaW5lc3MgQW5hbHlzaXMgaW4gRmluYW5jZSBCdXNpbmVzcyBBbmFseXNpcyBUZWNobmlxdWVzIGZvciBGaW5hbmNpYWwgSW5zdGl0dXRpb25zLCBsb25n,1:19:39,79.65,137.12245095162066
Business Analysis in Finance,Financial Risk Management,6,48,https://www.youtube.com/watch?v=EJHPltmAULA&pp=ygU8QnVzaW5lc3MgQW5hbHlzaXMgaW4gRmluYW5jZSBGaW5hbmNpYWwgUmlzayBNYW5hZ2VtZW50LCBsb25n,1:38:08,98.13333333333334,154.2553055656673
Business Analysis in Finance,Financial Data Analytics and Reporting,7,48,https://www.youtube.com/watch?v=f9DzS6NdgwU&pp=ygVJQnVzaW5lc3MgQW5hbHlzaXMgaW4gRmluYW5jZSBGaW5hbmNpYWwgRGF0YSBBbmFseXRpY3MgYW5kIFJlcG9ydGluZywgbG9uZw%3D%3D,1:19:39,79.65,130.2377872097194
Data Science and Machine Learning for Finance,Introduction to Machine Learning,5,48,https://www.youtube.com/watch?v=I7NrVwm3apg&pp=ygVURGF0YSBTY2llbmNlIGFuZCBNYWNoaW5lIExlYXJuaW5nIGZvciBGaW5hbmNlIEludHJvZHVjdGlvbiB0byBNYWNoaW5lIExlYXJuaW5nLCBsb25n,1:11:05,71.08333333333333,128.552446195084
Data Science and Machine Learning for Finance,Data Preprocessing and Feature Engineering,6,48,https://www.youtube.com/watch?v=fHFOANOHwh8&pp=ygVeRGF0YSBTY2llbmNlIGFuZCBNYWNoaW5lIExlYXJuaW5nIGZvciBGaW5hbmNlIERhdGEgUHJlcHJvY2Vzc2luZyBhbmQgRmVhdHVyZSBFbmdpbmVlcmluZywgbG9uZw%3D%3D,2:48:55,168.91666666666666,287.23845897957045
Data Science and Machine Learning for Finance,Financial Modeling with Machine Learning,7,48,https://www.youtube.com/watch?v=2bE2iyRBK1E&pp=ygVcRGF0YSBTY2llbmNlIGFuZCBNYWNoaW5lIExlYXJuaW5nIGZvciBGaW5hbmNlIEZpbmFuY2lhbCBNb2RlbGluZyB3aXRoIE1hY2hpbmUgTGVhcm5pbmcsIGxvbmc%3D,1:00:35,60.583333333333336,101.26258850355481
Data Science and Machine Learning for Finance,Evaluating Machine Learning Models,6,48,https://www.youtube.com/watch?v=2bE2iyRBK1E&pp=ygVWRGF0YSBTY2llbmNlIGFuZCBNYWNoaW5lIExlYXJuaW5nIGZvciBGaW5hbmNlIEV2YWx1YXRpbmcgTWFjaGluZSBMZWFybmluZyBNb2RlbHMsIGxvbmc%3D,1:00:35,60.583333333333336,106.84930262694489
Interview Preparation for Business Analyst Role,Understanding the Business Analyst Interview Process,3,48,https://www.youtube.com/watch?v=GiDg8fnsVuI&pp=ygVqSW50ZXJ2aWV3IFByZXBhcmF0aW9uIGZvciBCdXNpbmVzcyBBbmFseXN0IFJvbGUgVW5kZXJzdGFuZGluZyB0aGUgQnVzaW5lc3MgQW5hbHlzdCBJbnRlcnZpZXcgUHJvY2VzcywgbG9uZw%3D%3D,0:44:24,44.4,73.06676124636452
Interview Preparation for Business Analyst Role,Behavioral Interview Questions and Answers,4,48,https://www.youtube.com/watch?v=YxNMzdYoXR0&pp=ygVgSW50ZXJ2aWV3IFByZXBhcmF0aW9uIGZvciBCdXNpbmVzcyBBbmFseXN0IFJvbGUgQmVoYXZpb3JhbCBJbnRlcnZpZXcgUXVlc3Rpb25zIGFuZCBBbnN3ZXJzLCBsb25n,2:58:07,178.11666666666667,270.3268759251526
Interview Preparation for Business Analyst Role,Case Study Interview Preparation,5,48,https://www.youtube.com/watch?v=tSfYJRRObQY&t=480s&pp=ygVWSW50ZXJ2aWV3IFByZXBhcmF0aW9uIGZvciBCdXNpbmVzcyBBbmFseXN0IFJvbGUgQ2FzZSBTdHVkeSBJbnRlcnZpZXcgUHJlcGFyYXRpb24sIGxvbmc%3D,0:51:16,51.266666666666666,88.87506939762027
Interview Preparation for Business Analyst Role,Technical Interview Questions and Answers,4,48,https://www.youtube.com/watch?v=YxNMzdYoXR0&pp=ygVfSW50ZXJ2aWV3IFByZXBhcmF0aW9uIGZvciBCdXNpbmVzcyBBbmFseXN0IFJvbGUgVGVjaG5pY2FsIEludGVydmlldyBRdWVzdGlvbnMgYW5kIEFuc3dlcnMsIGxvbmc%3D,2:58:07,178.11666666666667,261.96065015033037
Interview Preparation for Business Analyst Role,Mock Interviews and Feedback,4,48,https://www.youtube.com/watch?v=CP5njq_YdGE&pp=ygVSSW50ZXJ2aWV3IFByZXBhcmF0aW9uIGZvciBCdXNpbmVzcyBBbmFseXN0IFJvbGUgTW9jayBJbnRlcnZpZXdzIGFuZCBGZWVkYmFjaywgbG9uZw%3D%3D,0:37:26,37.43333333333333,54.60046287446815
Fundamentals of Machine Learning,Introduction to Machine Learning,3,56,https://www.youtube.com/watch?v=bmmQA8A-yUA&t=193s&pp=ygVHRnVuZGFtZW50YWxzIG9mIE1hY2hpbmUgTGVhcm5pbmcgSW50cm9kdWN0aW9uIHRvIE1hY2hpbmUgTGVhcm5pbmcsIGxvbmc%3D,4:19:33,259.55,405.7590176451119
Fundamentals of Machine Learning,Linear Algebra and Calculus,5,56,https://www.youtube.com/watch?v=bmmQA8A-yUA&pp=ygVCRnVuZGFtZW50YWxzIG9mIE1hY2hpbmUgTGVhcm5pbmcgTGluZWFyIEFsZ2VicmEgYW5kIENhbGN1bHVzLCBsb25n,4:19:33,259.55,441.9456921802137
Fundamentals of Machine Learning,Statistics and Probability,4,56,https://www.youtube.com/watch?v=XcLO4f1i4Yo&pp=ygVBRnVuZGFtZW50YWxzIG9mIE1hY2hpbmUgTGVhcm5pbmcgU3RhdGlzdGljcyBhbmQgUHJvYmFiaWxpdHksIGxvbmc%3D,1:36:55,96.91666666666667,161.79992926327245
Fundamentals of Machine Learning,Python Programming Fundamentals,2,56,https://www.youtube.com/watch?v=kqtD5dpn9C8&pp=ygVGRnVuZGFtZW50YWxzIG9mIE1hY2hpbmUgTGVhcm5pbmcgUHl0aG9uIFByb2dyYW1taW5nIEZ1bmRhbWVudGFscywgbG9uZw%3D%3D,1:00:06,60.1,93.73256942172155
Fundamentals of Machine Learning,Data Preprocessing and Feature Engineering,6,56,https://www.youtube.com/watch?v=fHFOANOHwh8&pp=ygVRRnVuZGFtZW50YWxzIG9mIE1hY2hpbmUgTGVhcm5pbmcgRGF0YSBQcmVwcm9jZXNzaW5nIGFuZCBGZWF0dXJlIEVuZ2luZWVyaW5nLCBsb25n,2:48:55,168.91666666666666,327.7966953647931
Supervised Learning Algorithms,Linear Regression,4,84,https://www.youtube.com/watch?v=tFi4Y_y-GNM&pp=ygU2U3VwZXJ2aXNlZCBMZWFybmluZyBBbGdvcml0aG1zIExpbmVhciBSZWdyZXNzaW9uLCBsb25n,3:52:06,232.1,377.3639919026546
Supervised Learning Algorithms,Logistic Regression,5,84,https://www.youtube.com/watch?v=vaQxdBEcBzU&pp=ygU4U3VwZXJ2aXNlZCBMZWFybmluZyBBbGdvcml0aG1zIExvZ2lzdGljIFJlZ3Jlc3Npb24sIGxvbmc%3D,1:52:41,112.68333333333334,182.67192945972354
Supervised Learning Algorithms,Decision Trees and Ensemble Methods,6,84,https://www.youtube.com/watch?v=dGNJ-feQLC4&pp=ygVIU3VwZXJ2aXNlZCBMZWFybmluZyBBbGdvcml0aG1zIERlY2lzaW9uIFRyZWVzIGFuZCBFbnNlbWJsZSBNZXRob2RzLCBsb25n,1:18:11,78.18333333333334,146.21241985778994
Supervised Learning Algorithms,Support Vector Machines,7,84,https://www.youtube.com/watch?v=lDwow4aOrtg&pp=ygU8U3VwZXJ2aXNlZCBMZWFybmluZyBBbGdvcml0aG1zIFN1cHBvcnQgVmVjdG9yIE1hY2hpbmVzLCBsb25n,1:20:57,80.95,140.0181676495643
Unsupervised Learning Algorithms,Clustering Techniques,5,56,https://www.youtube.com/watch?v=Aa4MACKaDC0&pp=ygU8VW5zdXBlcnZpc2VkIExlYXJuaW5nIEFsZ29yaXRobXMgQ2x1c3RlcmluZyBUZWNobmlxdWVzLCBsb25n,1:33:49,93.81666666666666,156.16856329470014
Unsupervised Learning Algorithms,Dimensionality Reduction,6,56,https://www.youtube.com/watch?v=u62HRRLlaco&pp=ygU_VW5zdXBlcnZpc2VkIExlYXJuaW5nIEFsZ29yaXRobXMgRGltZW5zaW9uYWxpdHkgUmVkdWN0aW9uLCBsb25n,0:50:19,50.31666666666667,80.03358879926996
Unsupervised Learning Algorithms,Association Rule Mining,5,56,https://www.youtube.com/watch?v=sVlaJjLydIQ&pp=ygU-VW5zdXBlcnZpc2VkIExlYXJuaW5nIEFsZ29yaXRobXMgQXNzb2NpYXRpb24gUnVsZSBNaW5pbmcsIGxvbmc%3D,4:09:53,249.88333333333333,377.20052310017473
Deep Learning,Introduction to Neural Networks,7,84,https://www.youtube.com/watch?v=DooxDIRAkPA&pp=ygUzRGVlcCBMZWFybmluZyBJbnRyb2R1Y3Rpb24gdG8gTmV1cmFsIE5ldHdvcmtzLCBsb25n,6:02:26,362.43333333333334,728.4448288727067
Deep Learning,Convolutional Neural Networks (CNNs),8,84,https://www.youtube.com/watch?v=ONBmh61NoHw&pp=ygU4RGVlcCBMZWFybmluZyBDb252b2x1dGlvbmFsIE5ldXJhbCBOZXR3b3JrcyAoQ05OcyksIGxvbmc%3D,1:07:18,67.3,136.693814086398
Deep Learning,Recurrent Neural Networks (RNNs),8,84,https://www.youtube.com/watch?v=lWkFhVq9-nc&pp=ygU0RGVlcCBMZWFybmluZyBSZWN1cnJlbnQgTmV1cmFsIE5ldHdvcmtzIChSTk5zKSwgbG9uZw%3D%3D,0:59:21,59.35,117.0565490352976
Deep Learning,Generative Adversarial Networks (GANs),9,84,https://www.youtube.com/watch?v=AALBGpLbj6Q&pp=ygU6RGVlcCBMZWFybmluZyBHZW5lcmF0aXZlIEFkdmVyc2FyaWFsIE5ldHdvcmtzIChHQU5zKSwgbG9uZw%3D%3D,2:01:24,121.4,232.8323960415732
Machine Learning in Finance,Financial Data Analysis and Modeling,7,56,https://www.youtube.com/watch?v=2bE2iyRBK1E&pp=ygVGTWFjaGluZSBMZWFybmluZyBpbiBGaW5hbmNlIEZpbmFuY2lhbCBEYXRhIEFuYWx5c2lzIGFuZCBNb2RlbGluZywgbG9uZw%3D%3D,1:00:35,60.583333333333336,102.3969927608383
Machine Learning in Finance,Portfolio Optimization and Risk Management,8,56,https://www.youtube.com/watch?v=8TJQhQ2GZ0Y&pp=ygVMTWFjaGluZSBMZWFybmluZyBpbiBGaW5hbmNlIFBvcnRmb2xpbyBPcHRpbWl6YXRpb24gYW5kIFJpc2sgTWFuYWdlbWVudCwgbG9uZw%3D%3D,1:28:38,88.63333333333334,154.72752535047385
Machine Learning in Finance,Algorithmic Trading,9,56,https://www.youtube.com/watch?v=9Y3yaoi9rUQ&pp=ygU1TWFjaGluZSBMZWFybmluZyBpbiBGaW5hbmNlIEFsZ29yaXRobWljIFRyYWRpbmcsIGxvbmc%3D,2:59:20,179.33333333333334,331.56144848582005
Machine Learning in Finance,Fraud Detection and Risk Assessment,8,56,https://www.youtube.com/watch?v=Gg0gH3-Q4Wk&pp=ygVFTWFjaGluZSBMZWFybmluZyBpbiBGaW5hbmNlIEZyYXVkIERldGVjdGlvbiBhbmQgUmlzayBBc3Nlc3NtZW50LCBsb25n,0:57:23,57.38333333333333,109.64091184608219
Interview Preparation,Technical Interview Preparation,6,28,https://www.youtube.com/watch?v=B_LmCruLjis&pp=ygU7SW50ZXJ2aWV3IFByZXBhcmF0aW9uIFRlY2huaWNhbCBJbnRlcnZpZXcgUHJlcGFyYXRpb24sIGxvbmc%3D,0:51:06,51.1,93.95718214348953
Interview Preparation,Behavioral Interview Preparation,4,28,https://www.youtube.com/watch?v=cnFDPceUutM&pp=ygU8SW50ZXJ2aWV3IFByZXBhcmF0aW9uIEJlaGF2aW9yYWwgSW50ZXJ2aWV3IFByZXBhcmF0aW9uLCBsb25n,0:36:41,36.68333333333333,61.542566556934354
Interview Preparation,Industry-Specific Knowledge,5,28,https://www.youtube.com/watch?v=EW4dEzfBst0&pp=ygU3SW50ZXJ2aWV3IFByZXBhcmF0aW9uIEluZHVzdHJ5LVNwZWNpZmljIEtub3dsZWRnZSwgbG9uZw%3D%3D,0:17:20,17.333333333333332,27.819570330148625
Interview Preparation,MNC Interview Style and Culture,3,28,https://www.youtube.com/watch?v=GTBjQKFU1b0&pp=ygU7SW50ZXJ2aWV3IFByZXBhcmF0aW9uIE1OQyBJbnRlcnZpZXcgU3R5bGUgYW5kIEN1bHR1cmUsIGxvbmc%3D,0:18:23,18.383333333333333,31.424994326286143
Python Fundamentals,Data Types and Variables,3,40,https://www.youtube.com/watch?v=t2_Q2BRzeEE&pp=ygUyUHl0aG9uIEZ1bmRhbWVudGFscyBEYXRhIFR5cGVzIGFuZCBWYXJpYWJsZXMsIGxvbmc%3D,1:22:19,82.31666666666666,134.5527190114723
Python Fundamentals,Control Flow (Conditional Statements and Loops),4,40,https://www.youtube.com/watch?v=S73thl0AyFU&pp=ygVJUHl0aG9uIEZ1bmRhbWVudGFscyBDb250cm9sIEZsb3cgKENvbmRpdGlvbmFsIFN0YXRlbWVudHMgYW5kIExvb3BzKSwgbG9uZw%3D%3D,1:03:51,63.85,104.68638225102706
Python Fundamentals,Functions,5,40,https://www.youtube.com/watch?v=kqtD5dpn9C8&pp=ygUjUHl0aG9uIEZ1bmRhbWVudGFscyBGdW5jdGlvbnMsIGxvbmc%3D,1:00:06,60.1,103.93665631825671
Python Fundamentals,"Lists, Tuples, Dictionaries",6,40,https://www.youtube.com/watch?v=OvTH-7ESoRA&pp=ygU1UHl0aG9uIEZ1bmRhbWVudGFscyBMaXN0cywgVHVwbGVzLCBEaWN0aW9uYXJpZXMsIGxvbmc%3D,1:01:48,61.8,106.52120070463458
Python Fundamentals,Modules and Packages,7,40,https://www.youtube.com/watch?v=vLqTf2b6GZw&pp=ygUuUHl0aG9uIEZ1bmRhbWVudGFscyBNb2R1bGVzIGFuZCBQYWNrYWdlcywgbG9uZw%3D%3D,1:17:12,77.2,132.8095571177432
Python Fundamentals,Object-Oriented Programming (OOP),8,40,https://www.youtube.com/watch?v=JeznW_7DlB0&pp=ygU7UHl0aG9uIEZ1bmRhbWVudGFscyBPYmplY3QtT3JpZW50ZWQgUHJvZ3JhbW1pbmcgKE9PUCksIGxvbmc%3D,0:53:06,53.1,97.14690267928044
Data Structures and Algorithms,Arrays and Linked Lists,7,40,https://www.youtube.com/watch?v=8hly31xKli0&pp=ygU8RGF0YSBTdHJ1Y3R1cmVzIGFuZCBBbGdvcml0aG1zIEFycmF5cyBhbmQgTGlua2VkIExpc3RzLCBsb25n,5:22:09,322.15,620.7597504168691
Data Structures and Algorithms,Stacks and Queues,8,40,https://www.youtube.com/watch?v=4_xdaIsY2nk&pp=ygU2RGF0YSBTdHJ1Y3R1cmVzIGFuZCBBbGdvcml0aG1zIFN0YWNrcyBhbmQgUXVldWVzLCBsb25n,1:52:33,112.55,189.76439460101716
Data Structures and Algorithms,Trees and Graphs,9,40,https://www.youtube.com/watch?v=iVJ_avaKDXk&pp=ygU1RGF0YSBTdHJ1Y3R1cmVzIGFuZCBBbGdvcml0aG1zIFRyZWVzIGFuZCBHcmFwaHMsIGxvbmc%3D,0:53:35,53.583333333333336,95.94050815941559
Data Structures and Algorithms,Sorting and Searching Algorithms,9,40,https://www.youtube.com/watch?v=8TVaEGeaGGc&pp=ygVFRGF0YSBTdHJ1Y3R1cmVzIGFuZCBBbGdvcml0aG1zIFNvcnRpbmcgYW5kIFNlYXJjaGluZyBBbGdvcml0aG1zLCBsb25n,0:55:35,55.583333333333336,97.82728638078345
Data Science Fundamentals,Introduction to Data Science,4,40,https://www.youtube.com/watch?v=-ETQ97mXXF0&t=802s&pp=ygU8RGF0YSBTY2llbmNlIEZ1bmRhbWVudGFscyBJbnRyb2R1Y3Rpb24gdG8gRGF0YSBTY2llbmNlLCBsb25n,10:23:57,623.95,907.6365850344916
Data Science Fundamentals,Data Exploration and Visualization,5,40,https://www.youtube.com/watch?v=-ETQ97mXXF0&pp=ygVCRGF0YSBTY2llbmNlIEZ1bmRhbWVudGFscyBEYXRhIEV4cGxvcmF0aW9uIGFuZCBWaXN1YWxpemF0aW9uLCBsb25n,10:23:57,623.95,1136.0867367726255
Data Science Fundamentals,Statistical Concepts for Data Science,6,40,https://www.youtube.com/watch?v=LZzq1zSL1bs&pp=ygVFRGF0YSBTY2llbmNlIEZ1bmRhbWVudGFscyBTdGF0aXN0aWNhbCBDb25jZXB0cyBmb3IgRGF0YSBTY2llbmNlLCBsb25n,5:28:32,328.53333333333336,602.6702742066437
Data Science Fundamentals,Machine Learning Fundamentals,7,40,https://www.youtube.com/watch?v=I7NrVwm3apg&pp=ygU9RGF0YSBTY2llbmNlIEZ1bmRhbWVudGFscyBNYWNoaW5lIExlYXJuaW5nIEZ1bmRhbWVudGFscywgbG9uZw%3D%3D,1:11:05,71.08333333333333,128.80587182213773
Machine Learning with Python,Supervised Learning: Regression,8,40,https://www.youtube.com/watch?v=iIkJrwVUl1c&pp=ygVCTWFjaGluZSBMZWFybmluZyB3aXRoIFB5dGhvbiBTdXBlcnZpc2VkIExlYXJuaW5nOiBSZWdyZXNzaW9uLCBsb25n,3:06:20,186.33333333333334,320.6965014125474
Machine Learning with Python,Supervised Learning: Classification,9,40,https://www.youtube.com/watch?v=xG-E--Ak5jg&pp=ygVGTWFjaGluZSBMZWFybmluZyB3aXRoIFB5dGhvbiBTdXBlcnZpc2VkIExlYXJuaW5nOiBDbGFzc2lmaWNhdGlvbiwgbG9uZw%3D%3D,1:03:46,63.766666666666666,124.59068695192825
Machine Learning with Python,Unsupervised Learning: Clustering,9,40,https://www.youtube.com/watch?v=Aa4MACKaDC0&pp=ygVETWFjaGluZSBMZWFybmluZyB3aXRoIFB5dGhvbiBVbnN1cGVydmlzZWQgTGVhcm5pbmc6IENsdXN0ZXJpbmcsIGxvbmc%3D,1:33:49,93.81666666666666,182.56350133349756
Machine Learning with Python,Model Evaluation and Selection,8,40,https://www.youtube.com/watch?v=zU88wcLbBF8&pp=ygVBTWFjaGluZSBMZWFybmluZyB3aXRoIFB5dGhvbiBNb2RlbCBFdmFsdWF0aW9uIGFuZCBTZWxlY3Rpb24sIGxvbmc%3D,1:05:08,65.13333333333334,114.16211035325838
Machine Learning with Python,Hyperparameter Tuning and Cross-Validation,9,40,https://www.youtube.com/watch?v=GVZ_zPxr8D4&pp=ygVNTWFjaGluZSBMZWFybmluZyB3aXRoIFB5dGhvbiBIeXBlcnBhcmFtZXRlciBUdW5pbmcgYW5kIENyb3NzLVZhbGlkYXRpb24sIGxvbmc%3D,0:47:20,47.333333333333336,91.29300545780985
Deep Learning with Python,Introduction to Deep Learning,7,40,https://www.youtube.com/watch?v=UrsmFxEIp5k&pp=ygU9RGVlcCBMZWFybmluZyB3aXRoIFB5dGhvbiBJbnRyb2R1Y3Rpb24gdG8gRGVlcCBMZWFybmluZywgbG9uZw%3D%3D,10:53:55,653.9166666666666,1164.8834994650465
Deep Learning with Python,Neural Networks: Multilayer Perceptrons,8,40,https://www.youtube.com/watch?v=qw7wFGgNCSU&pp=ygVHRGVlcCBMZWFybmluZyB3aXRoIFB5dGhvbiBOZXVyYWwgTmV0d29ya3M6IE11bHRpbGF5ZXIgUGVyY2VwdHJvbnMsIGxvbmc%3D,0:37:46,37.766666666666666,73.21661425530425
Deep Learning with Python,Convolutional Neural Networks (CNNs),9,40,https://www.youtube.com/watch?v=V61xy1ZnVTM&pp=ygVERGVlcCBMZWFybmluZyB3aXRoIFB5dGhvbiBDb252b2x1dGlvbmFsIE5ldXJhbCBOZXR3b3JrcyAoQ05OcyksIGxvbmc%3D,0:54:00,54.0,108.87834985888095
Deep Learning with Python,Recurrent Neural Networks (RNNs),10,40,https://www.youtube.com/watch?v=lWkFhVq9-nc&pp=ygVARGVlcCBMZWFybmluZyB3aXRoIFB5dGhvbiBSZWN1cnJlbnQgTmV1cmFsIE5ldHdvcmtzIChSTk5zKSwgbG9uZw%3D%3D,0:59:21,59.35,108.03995684098687
Deep Learning with Python,Deep Learning Libraries: TensorFlow and PyTorch,8,40,https://www.youtube.com/watch?v=c36lUUr864M&pp=ygVPRGVlcCBMZWFybmluZyB3aXRoIFB5dGhvbiBEZWVwIExlYXJuaW5nIExpYnJhcmllczogVGVuc29yRmxvdyBhbmQgUHlUb3JjaCwgbG9uZw%3D%3D,4:35:42,275.7,506.55389309805753
Data Science in the Technology Industry,Data Science Applications in Technology,5,40,https://www.youtube.com/watch?v=-ETQ97mXXF0&pp=ygVVRGF0YSBTY2llbmNlIGluIHRoZSBUZWNobm9sb2d5IEluZHVzdHJ5IERhdGEgU2NpZW5jZSBBcHBsaWNhdGlvbnMgaW4gVGVjaG5vbG9neSwgbG9uZw%3D%3D,10:23:57,623.95,1082.3644854037118
Data Science in the Technology Industry,Data Engineering for Data Science,6,40,https://www.youtube.com/watch?v=GCXC1eg404I&pp=ygVPRGF0YSBTY2llbmNlIGluIHRoZSBUZWNobm9sb2d5IEluZHVzdHJ5IERhdGEgRW5naW5lZXJpbmcgZm9yIERhdGEgU2NpZW5jZSwgbG9uZw%3D%3D,1:17:12,77.2,135.5804264733293
Data Science in the Technology Industry,Cloud Computing for Data Science,7,40,https://www.youtube.com/watch?v=GCXC1eg404I&pp=ygVORGF0YSBTY2llbmNlIGluIHRoZSBUZWNobm9sb2d5IEluZHVzdHJ5IENsb3VkIENvbXB1dGluZyBmb3IgRGF0YSBTY2llbmNlLCBsb25n,1:17:12,77.2,151.8430113745941
Data Science in the Technology Industry,Big Data and Data Analytics,8,40,https://www.youtube.com/watch?v=bY6ZzQmtOzk&t=34s&pp=ygVJRGF0YSBTY2llbmNlIGluIHRoZSBUZWNobm9sb2d5IEluZHVzdHJ5IEJpZyBEYXRhIGFuZCBEYXRhIEFuYWx5dGljcywgbG9uZw%3D%3D,0:28:30,28.5,55.76456277047876
Interview Preparation,Technical Interview Questions and Answers,8,40,https://www.youtube.com/watch?v=B_LmCruLjis&pp=ygVFSW50ZXJ2aWV3IFByZXBhcmF0aW9uIFRlY2huaWNhbCBJbnRlcnZpZXcgUXVlc3Rpb25zIGFuZCBBbnN3ZXJzLCBsb25n,0:51:06,51.1,89.34489867402165
Interview Preparation,Behavioral Interview Questions,6,40,https://www.youtube.com/watch?v=cnFDPceUutM&pp=ygU6SW50ZXJ2aWV3IFByZXBhcmF0aW9uIEJlaGF2aW9yYWwgSW50ZXJ2aWV3IFF1ZXN0aW9ucywgbG9uZw%3D%3D,0:36:41,36.68333333333333,58.23559178468425
Interview Preparation,Resume Building and Portfolio Creation,5,40,https://www.youtube.com/watch?v=d0Vesovl1F8&pp=ygVCSW50ZXJ2aWV3IFByZXBhcmF0aW9uIFJlc3VtZSBCdWlsZGluZyBhbmQgUG9ydGZvbGlvIENyZWF0aW9uLCBsb25n,0:49:10,49.166666666666664,85.59460544192895
Interview Preparation,Mock Interviews and Feedback,7,40,https://www.youtube.com/watch?v=lsJBGvyiAHI&pp=ygU4SW50ZXJ2aWV3IFByZXBhcmF0aW9uIE1vY2sgSW50ZXJ2aWV3cyBhbmQgRmVlZGJhY2ssIGxvbmc%3D,0:35:14,35.233333333333334,57.456303145773674
HTML & CSS Fundamentals,HTML Basics,2,32,https://www.youtube.com/watch?v=G3e-cpL7ofc&t=62s&pp=ygUpSFRNTCAmIENTUyBGdW5kYW1lbnRhbHMgSFRNTCBCYXNpY3MsIGxvbmc%3D,6:31:24,391.4,592.3079456284431
HTML & CSS Fundamentals,CSS Basics,3,32,https://www.youtube.com/watch?v=G3e-cpL7ofc&t=1062s&pp=ygUoSFRNTCAmIENTUyBGdW5kYW1lbnRhbHMgQ1NTIEJhc2ljcywgbG9uZw%3D%3D,6:31:24,391.4,667.0941101903362
HTML & CSS Fundamentals,CSS Layout Techniques,4,32,https://www.youtube.com/watch?v=G3e-cpL7ofc&pp=ygUzSFRNTCAmIENTUyBGdW5kYW1lbnRhbHMgQ1NTIExheW91dCBUZWNobmlxdWVzLCBsb25n,6:31:24,391.4,644.7026135594227
JavaScript Fundamentals,JavaScript Basics,4,48,https://www.youtube.com/watch?v=VlPiVmYuoqw&pp=ygUvSmF2YVNjcmlwdCBGdW5kYW1lbnRhbHMgSmF2YVNjcmlwdCBCYXNpY3MsIGxvbmc%3D,11:47:14,707.2333333333333,1117.2456158918853
JavaScript Fundamentals,DOM Manipulation,5,48,https://www.youtube.com/watch?v=5fb2aPlgoys&pp=ygUuSmF2YVNjcmlwdCBGdW5kYW1lbnRhbHMgRE9NIE1hbmlwdWxhdGlvbiwgbG9uZw%3D%3D,2:41:21,161.35,280.94795776712766
JavaScript Fundamentals,Events & Event Handling,5,48,https://www.youtube.com/watch?v=5fb2aPlgoys&pp=ygU1SmF2YVNjcmlwdCBGdW5kYW1lbnRhbHMgRXZlbnRzICYgRXZlbnQgSGFuZGxpbmcsIGxvbmc%3D,2:41:21,161.35,269.7521639553023
React Fundamentals,React Introduction,5,64,https://www.youtube.com/watch?v=G8PWDBJspME&pp=ygUrUmVhY3QgRnVuZGFtZW50YWxzIFJlYWN0IEludHJvZHVjdGlvbiwgbG9uZw%3D%3D,1:11:22,71.36666666666666,121.65206932406768
React Fundamentals,Component Lifecycle,6,64,https://www.youtube.com/watch?v=U9sDK8zTJ8Y&pp=ygUsUmVhY3QgRnVuZGFtZW50YWxzIENvbXBvbmVudCBMaWZlY3ljbGUsIGxvbmc%3D,1:12:35,72.58333333333333,139.8805150744415
React Fundamentals,State Management,7,64,https://www.youtube.com/watch?v=-bEzt5ISACA&pp=ygUpUmVhY3QgRnVuZGFtZW50YWxzIFN0YXRlIE1hbmFnZW1lbnQsIGxvbmc%3D,2:46:38,166.63333333333333,296.00271566594193
Advanced Frontend Concepts,React Routing,7,64,https://www.youtube.com/watch?v=uE925hp9KDk&pp=ygUuQWR2YW5jZWQgRnJvbnRlbmQgQ29uY2VwdHMgUmVhY3QgUm91dGluZywgbG9uZw%3D%3D,0:51:31,51.516666666666666,103.51152022126311
Advanced Frontend Concepts,API Integration,8,64,https://www.youtube.com/watch?v=WXsD0ZgxjRw&pp=ygUwQWR2YW5jZWQgRnJvbnRlbmQgQ29uY2VwdHMgQVBJIEludGVncmF0aW9uLCBsb25n,3:07:07,187.11666666666667,385.5066016006851
Advanced Frontend Concepts,Testing & Debugging,7,64,https://www.youtube.com/watch?v=ks4MFTHLfyg&pp=ygU0QWR2YW5jZWQgRnJvbnRlbmQgQ29uY2VwdHMgVGVzdGluZyAmIERlYnVnZ2luZywgbG9uZw%3D%3D,1:14:24,74.4,126.4275784734711
Interview Preparation,Technical Skills Assessment,8,64,https://www.youtube.com/watch?v=gZalSmm5RvA&pp=ygU3SW50ZXJ2aWV3IFByZXBhcmF0aW9uIFRlY2huaWNhbCBTa2lsbHMgQXNzZXNzbWVudCwgbG9uZw%3D%3D,0:45:40,45.666666666666664,78.05034975078566
Interview Preparation,Behavioral & Soft Skills,7,64,https://www.youtube.com/watch?v=WSbN-0swDgM&pp=ygU0SW50ZXJ2aWV3IFByZXBhcmF0aW9uIEJlaGF2aW9yYWwgJiBTb2Z0IFNraWxscywgbG9uZw%3D%3D,0:26:32,26.533333333333335,44.06696040280183
Interview Preparation,MNC Interview Specifics,8,64,https://www.youtube.com/watch?v=EW4dEzfBst0&pp=ygUzSW50ZXJ2aWV3IFByZXBhcmF0aW9uIE1OQyBJbnRlcnZpZXcgU3BlY2lmaWNzLCBsb25n,0:17:20,17.333333333333332,29.252654890743276
Web Development Fundamentals,HTML,3,32,https://www.youtube.com/watch?v=qz0aGYrrlhU&pp=ygUnV2ViIERldmVsb3BtZW50IEZ1bmRhbWVudGFscyBIVE1MLCBsb25n,1:09:34,69.56666666666666,98.26867827962265
Web Development Fundamentals,CSS,4,32,https://www.youtube.com/watch?v=ESnrn1kAD4E&pp=ygUmV2ViIERldmVsb3BtZW50IEZ1bmRhbWVudGFscyBDU1MsIGxvbmc%3D,7:18:24,438.4,739.0908610076631
Web Development Fundamentals,JavaScript,5,32,https://www.youtube.com/watch?v=htznIeWKgg8&pp=ygUtV2ViIERldmVsb3BtZW50IEZ1bmRhbWVudGFscyBKYXZhU2NyaXB0LCBsb25n,1:13:17,73.28333333333333,111.88135304549766
Frontend Development,React.js,6,48,https://www.youtube.com/watch?v=F627pKNUCVQ&pp=ygUjRnJvbnRlbmQgRGV2ZWxvcG1lbnQgUmVhY3QuanMsIGxvbmc%3D,9:44:47,584.7833333333333,985.0093366107618
Frontend Development,Redux,7,48,https://www.youtube.com/watch?v=NN82tjV7Wzo&pp=ygUgRnJvbnRlbmQgRGV2ZWxvcG1lbnQgUmVkdXgsIGxvbmc%3D,2:09:42,129.7,254.494032772259
Frontend Development,UI/UX Design Principles,4,48,https://www.youtube.com/watch?v=BU_afT-aIn0&pp=ygUyRnJvbnRlbmQgRGV2ZWxvcG1lbnQgVUkvVVggRGVzaWduIFByaW5jaXBsZXMsIGxvbmc%3D,10:50:35,650.5833333333334,942.2905200686878
Backend Development,Node.js,5,64,https://www.youtube.com/watch?v=7fjOw8ApZ1I&pp=ygUhQmFja2VuZCBEZXZlbG9wbWVudCBOb2RlLmpzLCBsb25n,10:06:53,606.8833333333333,1095.6827553531932
Backend Development,Express.js,6,64,https://www.youtube.com/watch?v=7fjOw8ApZ1I&pp=ygUkQmFja2VuZCBEZXZlbG9wbWVudCBFeHByZXNzLmpzLCBsb25n,10:06:53,606.8833333333333,1013.4486564398549
Backend Development,Database Management (MongoDB),6,64,https://www.youtube.com/watch?v=J6mDkcqU_ZE&pp=ygU3QmFja2VuZCBEZXZlbG9wbWVudCBEYXRhYmFzZSBNYW5hZ2VtZW50IChNb25nb0RCKSwgbG9uZw%3D%3D,1:22:57,82.95,133.2246912559744
Full Stack Integration,API Integration,6,48,https://www.youtube.com/watch?v=GIinl2GnN2I&pp=ygUsRnVsbCBTdGFjayBJbnRlZ3JhdGlvbiBBUEkgSW50ZWdyYXRpb24sIGxvbmc%3D,0:50:51,50.85,93.14334309491915
Full Stack Integration,Authentication and Authorization,7,48,https://www.youtube.com/watch?v=rXvQj-Z0v0s&pp=ygU9RnVsbCBTdGFjayBJbnRlZ3JhdGlvbiBBdXRoZW50aWNhdGlvbiBhbmQgQXV0aG9yaXphdGlvbiwgbG9uZw%3D%3D,5:17:20,317.3333333333333,594.9117346681506
Full Stack Integration,Deployment and Hosting,5,48,https://www.youtube.com/watch?v=ardeKHEN1j4&pp=ygUzRnVsbCBTdGFjayBJbnRlZ3JhdGlvbiBEZXBsb3ltZW50IGFuZCBIb3N0aW5nLCBsb25n,16:00:45,960.75,1757.2617138735436
Interview Preparation,Technical Interview Questions,7,32,https://www.youtube.com/watch?v=B_LmCruLjis&pp=ygU5SW50ZXJ2aWV3IFByZXBhcmF0aW9uIFRlY2huaWNhbCBJbnRlcnZpZXcgUXVlc3Rpb25zLCBsb25n,0:51:06,51.1,97.99466278704334
Interview Preparation,Behavioral Interview Questions,6,32,https://www.youtube.com/watch?v=s5dFyZOoHns&pp=ygUkQmVoYXZpb3JhbCBJbnRlcnZpZXcgUXVlc3Rpb25zLCBsb25n,0:38:44,38.733333333333334,72.56138293439352
Interview Preparation,Mock Interviews,5,32,https://www.youtube.com/watch?v=bMkY_e2oyWY&pp=ygUrSW50ZXJ2aWV3IFByZXBhcmF0aW9uIE1vY2sgSW50ZXJ2aWV3cywgbG9uZw%3D%3D,0:38:29,38.483333333333334,61.79511142541966
